source_table,total_rows,distinct_ids,ordinal,column_name,data_type,null_empty_count,null_pct,distinct_values,flag
raw.salesforce_item,31391,30816,1,Id,nvarchar,0,.00%,30816,✅ clean
raw.salesforce_item,31391,30816,2,OwnerId,nvarchar,0,.00%,120,✅ clean
raw.salesforce_item,31391,30816,3,IsDeleted,nvarchar,0,.00%,2,✅ clean
raw.salesforce_item,31391,30816,4,Name,nvarchar,0,.00%,21259,✅ clean
raw.salesforce_item,31391,30816,5,CurrencyIsoCode,nvarchar,0,.00%,6,✅ clean
raw.salesforce_item,31391,30816,6,CreatedDate,nvarchar,0,.00%,14391,✅ clean
raw.salesforce_item,31391,30816,7,CreatedById,nvarchar,0,.00%,119,✅ clean
raw.salesforce_item,31391,30816,8,LastModifiedDate,nvarchar,0,.00%,8054,✅ clean
raw.salesforce_item,31391,30816,9,LastModifiedById,nvarchar,0,.00%,67,✅ clean
raw.salesforce_item,31391,30816,10,SystemModstamp,nvarchar,0,.00%,8057,✅ clean
raw.salesforce_item,31391,30816,11,LastActivityDate,nvarchar,31391,100.00%,0,🔴 high
raw.salesforce_item,31391,30816,12,LastViewedDate,nvarchar,31378,99.96%,10,🔴 high
raw.salesforce_item,31391,30816,13,LastReferencedDate,nvarchar,31378,99.96%,10,🔴 high
raw.salesforce_item,31391,30816,14,npsp__Active__c,nvarchar,0,.00%,2,✅ clean
raw.salesforce_item,31391,30816,15,npsp__Average_Allocation__c,nvarchar,2,.01%,7043,🟡 low
raw.salesforce_item,31391,30816,16,npsp__Description__c,nvarchar,19114,60.89%,8391,🔴 high
raw.salesforce_item,31391,30816,17,npsp__First_Allocation_Date__c,nvarchar,17378,55.36%,2677,🔴 high
raw.salesforce_item,31391,30816,18,npsp__Largest_Allocation__c,nvarchar,1253,3.99%,3280,🟡 low
raw.salesforce_item,31391,30816,19,npsp__Last_Allocation_Date__c,nvarchar,17378,55.36%,2468,🔴 high
raw.salesforce_item,31391,30816,20,npsp__Number_of_Allocations_Last_N_Days__c,nvarchar,2,.01%,883,🟡 low
raw.salesforce_item,31391,30816,21,npsp__Number_of_Allocations_Last_Year__c,nvarchar,1,.00%,661,✅ clean
raw.salesforce_item,31391,30816,22,npsp__Number_of_Allocations_This_Year__c,nvarchar,2,.01%,766,🟡 low
raw.salesforce_item,31391,30816,23,npsp__Number_of_Allocations_Two_Years_Ago__c,nvarchar,1,.00%,603,✅ clean
raw.salesforce_item,31391,30816,24,npsp__Smallest_Allocation__c,nvarchar,1253,3.99%,2001,🟡 low
raw.salesforce_item,31391,30816,25,npsp__Total_Allocations_Last_N_Days__c,nvarchar,2,.01%,4485,🟡 low
raw.salesforce_item,31391,30816,26,npsp__Total_Allocations_Last_Year__c,nvarchar,1,.00%,2723,✅ clean
raw.salesforce_item,31391,30816,27,npsp__Total_Allocations_This_Year__c,nvarchar,2,.01%,3658,🟡 low
raw.salesforce_item,31391,30816,28,npsp__Total_Allocations_Two_Years_Ago__c,nvarchar,1,.00%,2325,✅ clean
raw.salesforce_item,31391,30816,29,npsp__Total_Allocations__c,nvarchar,2,.01%,9026,🟡 low
raw.salesforce_item,31391,30816,30,npsp__Total_Number_of_Allocations__c,nvarchar,2,.01%,1676,🟡 low
raw.salesforce_item,31391,30816,31,Allow_Recurring__c,nvarchar,0,.00%,2,✅ clean
raw.salesforce_item,31391,30816,32,Allow_Single__c,nvarchar,0,.00%,2,✅ clean
raw.salesforce_item,31391,30816,33,Allowed_Payment_Types__c,nvarchar,31121,99.14%,6,🔴 high
raw.salesforce_item,31391,30816,34,Country__c,nvarchar,19462,62.00%,73,🔴 high
raw.salesforce_item,31391,30816,35,Donation_Item_Code__c,nvarchar,11,.04%,30805,🟡 low
raw.salesforce_item,31391,30816,36,Donation_Type__c,nvarchar,28376,90.40%,3,🔴 high
raw.salesforce_item,31391,30816,37,Gift_Aid_Eligible__c,nvarchar,0,.00%,2,✅ clean
raw.salesforce_item,31391,30816,38,Product_Type__c,nvarchar,1763,5.62%,12,🟠 medium
raw.salesforce_item,31391,30816,39,Casesafe_Item_Id__c,nvarchar,0,.00%,30816,✅ clean
raw.salesforce_item,31391,30816,40,Include_In_General_Receipt__c,nvarchar,0,.00%,2,✅ clean
raw.salesforce_item,31391,30816,41,Allow_Donation_Targets__c,nvarchar,0,.00%,2,✅ clean
raw.salesforce_item,31391,30816,42,Deduction_Class__c,nvarchar,30971,98.66%,5,🔴 high
raw.salesforce_item,31391,30816,43,Programme_Category__c,nvarchar,125,.40%,24,🟡 low
raw.salesforce_item,31391,30816,44,Special_Message__c,nvarchar,30795,98.10%,15,🔴 high
raw.salesforce_item,31391,30816,45,Stipulation_Temp__c,nvarchar,28589,91.07%,3,🔴 high
raw.salesforce_item,31391,30816,46,Product__c,nvarchar,28234,89.94%,646,🔴 high
raw.salesforce_item,31391,30816,47,HA_Donation_Frequency__c,nvarchar,1789,5.70%,2,🟠 medium
raw.salesforce_item,31391,30816,48,Item_Price__c,nvarchar,31248,99.54%,60,🔴 high
raw.salesforce_item,31391,30816,49,Price_Editable__c,nvarchar,0,.00%,2,✅ clean
raw.salesforce_item,31391,30816,50,Stipulation__c,nvarchar,1621,5.16%,6,🟠 medium
raw.salesforce_item,31391,30816,51,Sponsored_Orphan_Only__c,nvarchar,0,.00%,2,✅ clean
raw.salesforce_item,31391,30816,52,Skip_Special_Instruction__c,nvarchar,0,.00%,2,✅ clean
raw.salesforce_item,31391,30816,53,Regional_Office_Code__c,nvarchar,1964,6.26%,11,🟠 medium
raw.salesforce_item,31391,30816,54,Total_Credit__c,nvarchar,2569,8.18%,10,🟠 medium
raw.salesforce_item,31391,30816,55,Total_Funds_Available__c,nvarchar,0,.00%,6968,✅ clean
raw.salesforce_item,31391,30816,56,Is_Sponsorship_Renewal__c,nvarchar,0,.00%,2,✅ clean
raw.salesforce_item,31391,30816,57,Deliverable_Category__c,nvarchar,12745,40.60%,17,🔴 high
raw.salesforce_item,31391,30816,58,Parent_Item__c,nvarchar,25396,80.90%,1232,🔴 high
raw.salesforce_item,31391,30816,59,Clone_Item_Id__c,nvarchar,30571,97.39%,808,🔴 high
raw.salesforce_item,31391,30816,60,Available_Funds_Excluding_Active_RDs__c,nvarchar,31391,100.00%,0,🔴 high
raw.salesforce_item,31391,30816,61,Campaign__c,nvarchar,13148,41.88%,18046,🔴 high
raw.salesforce_item,31391,30816,62,Exclude_from_Bulk_update__c,nvarchar,0,.00%,2,✅ clean
raw.salesforce_item,31391,30816,63,Field_office_admin_percentage__c,nvarchar,29157,92.88%,5,🔴 high
raw.salesforce_item,31391,30816,64,Fundraising_admin_percentage__c,nvarchar,29249,93.18%,18,🔴 high
raw.salesforce_item,31391,30816,65,General_Admin_Percentage__c,nvarchar,29132,92.80%,22,🔴 high
raw.salesforce_item,31391,30816,66,Income_Zakat_Credit__c,nvarchar,3682,11.73%,1626,🟠 medium
raw.salesforce_item,31391,30816,67,Income_sadaqa_general_charity_credit__c,nvarchar,3683,11.73%,7162,🟠 medium
raw.salesforce_item,31391,30816,68,Instruction_Non_Zakat__c,nvarchar,0,.00%,1178,✅ clean
raw.salesforce_item,31391,30816,69,Instruction_Zakat_credit__c,nvarchar,0,.00%,592,✅ clean
raw.salesforce_item,31391,30816,70,Non_Zakat_Instruction_Debit__c,nvarchar,0,.00%,3177,✅ clean
raw.salesforce_item,31391,30816,71,Opening_Balance_Non_Zakat__c,nvarchar,22778,72.56%,30,🔴 high
raw.salesforce_item,31391,30816,72,Opening_Balance_Start_Date__c,nvarchar,1644,5.24%,11,🟠 medium
raw.salesforce_item,31391,30816,73,Opening_Balance_Zakat__c,nvarchar,22779,72.57%,23,🔴 high
raw.salesforce_item,31391,30816,74,Price_Book__c,nvarchar,31391,100.00%,0,🔴 high
raw.salesforce_item,31391,30816,75,Reserves_percentage__c,nvarchar,29236,93.13%,7,🔴 high
raw.salesforce_item,31391,30816,76,Sadaqa_reserved_by_CN__c,nvarchar,23186,73.86%,232,🔴 high
raw.salesforce_item,31391,30816,77,UK_programmes_admin__c,nvarchar,29153,92.87%,20,🔴 high
raw.salesforce_item,31391,30816,78,Zakat_Instruction_Debit__c,nvarchar,0,.00%,305,✅ clean
raw.salesforce_item,31391,30816,79,Zakat_Percentage__c,nvarchar,29146,92.85%,4,🔴 high
raw.salesforce_item,31391,30816,80,Zakat_allocated_to_projects_debit__c,nvarchar,0,.00%,171,✅ clean
raw.salesforce_item,31391,30816,81,Zakat_funds_reserved_by_CN__c,nvarchar,23261,74.10%,141,🔴 high
raw.salesforce_item,31391,30816,82,non_zakat_allocated_to_projects__c,nvarchar,0,.00%,300,✅ clean
raw.salesforce_item,31391,30816,83,Fundraising_Deductions_Donations__c,nvarchar,15736,50.13%,705,🔴 high
raw.salesforce_item,31391,30816,84,Fundraising_Deduction_Formula__c,nvarchar,0,.00%,712,✅ clean
raw.salesforce_item,31391,30816,85,General_Sadaqa_Admin_Deduction_Donatio__c,nvarchar,15736,50.13%,985,🔴 high
raw.salesforce_item,31391,30816,86,General_Sadaqa_Admin_Deduction_Formula__c,nvarchar,0,.00%,1426,✅ clean
raw.salesforce_item,31391,30816,87,FO_Non_Zakat_Deductions_Donations__c,nvarchar,15736,50.13%,720,🔴 high
raw.salesforce_item,31391,30816,88,FO_Non_Zakat_Deductions_Formula__c,nvarchar,0,.00%,728,✅ clean
raw.salesforce_item,31391,30816,89,Total_Non_Zakat_Credit__c,nvarchar,0,.00%,7975,✅ clean
raw.salesforce_item,31391,30816,90,Total_Non_Zakat_Debit__c,nvarchar,0,.00%,3292,✅ clean
raw.salesforce_item,31391,30816,91,Total_Non_Zakat_deductions__c,nvarchar,0,.00%,1429,✅ clean
raw.salesforce_item,31391,30816,92,Total_Zakat_Credit__c,nvarchar,0,.00%,2102,✅ clean
raw.salesforce_item,31391,30816,93,Total_Zakat_Debit__c,nvarchar,0,.00%,430,✅ clean
raw.salesforce_item,31391,30816,94,Total_funds_available_sadaqa__c,nvarchar,0,.00%,7004,✅ clean
raw.salesforce_item,31391,30816,95,Total_funds_available_zakat__c,nvarchar,0,.00%,2064,✅ clean
raw.salesforce_item,31391,30816,96,Total_spendable_Zakat_income__c,nvarchar,0,.00%,2241,✅ clean
raw.salesforce_item,31391,30816,97,Total_spendable_sadaqa_general_income__c,nvarchar,0,.00%,8205,✅ clean
raw.salesforce_item,31391,30816,98,HQ_Zakat_Deduction_Donations__c,nvarchar,15736,50.13%,432,🔴 high
raw.salesforce_item,31391,30816,99,Zakat_deduction__c,nvarchar,0,.00%,524,✅ clean
raw.salesforce_item,31391,30816,100,FO_Zakat_deduction__c,nvarchar,7918,25.22%,1,🟠 medium
raw.salesforce_item,31391,30816,101,Field_Office_admin_deductions__c,nvarchar,0,.00%,155,✅ clean
raw.salesforce_item,31391,30816,102,Fundraising_Deduction__c,nvarchar,0,.00%,149,✅ clean
raw.salesforce_item,31391,30816,103,HQ_Zakat_deduction__c,nvarchar,0,.00%,151,✅ clean
raw.salesforce_item,31391,30816,104,Reserve_deduction__c,nvarchar,0,.00%,151,✅ clean
raw.salesforce_item,31391,30816,105,Sadaqa_General_admin_deduction__c,nvarchar,0,.00%,685,✅ clean
raw.salesforce_item,31391,30816,106,UK_Programmes__c,nvarchar,0,.00%,156,✅ clean
raw.salesforce_item,31391,30816,107,HQ_Zakat_Deduction_Formula__c,nvarchar,0,.00%,524,✅ clean
raw.salesforce_item,31391,30816,108,Reserve_Funds_Donations__c,nvarchar,15736,50.13%,734,🔴 high
raw.salesforce_item,31391,30816,109,Reserve_Funds__c,nvarchar,0,.00%,730,✅ clean
raw.salesforce_item,31391,30816,110,UK_Programmes_Deduction_Donations__c,nvarchar,15736,50.13%,722,🔴 high
raw.salesforce_item,31391,30816,111,UK_Programmes_Deductions__c,nvarchar,0,.00%,719,✅ clean
raw.salesforce_item,31391,30816,112,Last_Batch_Units_SR_CN__c,nvarchar,31361,99.90%,15,🔴 high
raw.salesforce_item,31391,30816,113,Last_SR_CN_Job_Id__c,nvarchar,31361,99.90%,12,🔴 high
raw.salesforce_item,31391,30816,114,Minimum_Quantity__c,nvarchar,10715,34.13%,6,🔴 high
raw.salesforce_item,31391,30816,115,Sub_Type__c,nvarchar,31028,98.84%,13,🔴 high
raw.salesforce_item,31391,30816,116,Non_Zakat_Reserved_Funds_Balance__c,nvarchar,0,.00%,151,✅ clean
raw.salesforce_item,31391,30816,117,Zakat_Reserved_Funds_Balance__c,nvarchar,0,.00%,76,✅ clean
raw.salesforce_item,31391,30816,118,Unrestricted_Deductions_Donations__c,nvarchar,16222,51.68%,8,🔴 high
raw.salesforce_item,31391,30816,119,Unrestricted_Deductions_Instructions__c,nvarchar,0,.00%,4,✅ clean
raw.salesforce_item,31391,30816,120,Unrestricted_Percentage__c,nvarchar,31381,99.97%,3,🔴 high
raw.salesforce_item,31391,30816,121,Unrestricted_Deductions__c,nvarchar,0,.00%,8,✅ clean
raw.salesforce_item,31391,30816,122,Implementation_Countries__c,nvarchar,31323,99.78%,19,🔴 high
raw.salesforce_item,31391,30816,123,Zakat_Re_Allocation_Credit__c,nvarchar,0,.00%,179,✅ clean
raw.salesforce_item,31391,30816,124,Non_Zakat_Re_Allocation_Credit__c,nvarchar,0,.00%,330,✅ clean
raw.salesforce_item,31391,30816,125,Replace_Item__c,nvarchar,31354,99.88%,23,🔴 high
raw.salesforce_item,31391,30816,126,Status__c,nvarchar,3817,12.16%,2,🟠 medium
raw.salesforce_item,31391,30816,127,Special_Request__c,nvarchar,0,.00%,2,✅ clean
raw.salesforce_item,31391,30816,128,Impact_Note__c,nvarchar,31112,99.11%,16,🔴 high
raw.salesforce_item,31391,30816,129,Outcome_Impact_Note__c,nvarchar,31157,99.25%,12,🔴 high
raw.salesforce_item,31391,30816,130,Has_Certificate__c,nvarchar,0,.00%,2,✅ clean
raw.salesforce_item,31391,30816,131,_etl_loaded_at_utc,datetime2,587,1.87%,1,🟡 low
raw.salesforce_item,31391,30816,132,_etl_source,nvarchar,587,1.87%,1,🟡 low
raw.salesforce_item,31391,30816,133,_etl_source_object,nvarchar,0,.00%,1,✅ clean
